{"down_peak": {"completed_passengers": 74, "total_passengers": 74, "average_floor_wait_time": 41.9054054054054, "p95_floor_wait_time": 37.65714285714286, "average_arrival_wait_time": 56.189189189189186, "p95_arrival_wait_time": 52.357142857142854}, "fire_evacuation": {"completed_passengers": 28, "total_passengers": 28, "average_floor_wait_time": 37.607142857142854, "p95_floor_wait_time": 32.46153846153846, "average_arrival_wait_time": 52.67857142857143, "p95_arrival_wait_time": 48.30769230769231}, "high_density": {"completed_passengers": 66, "total_passengers": 66, "average_floor_wait_time": 27.727272727272727, "p95_floor_wait_time": 25.903225806451612, "average_arrival_wait_time": 38.166666666666664, "p95_arrival_wait_time": 35.58064516129032}, "inter_floor": {"completed_passengers": 60, "total_passengers": 60, "average_floor_wait_time": 25.583333333333332, "p95_floor_wait_time": 23.964912280701753, "average_arrival_wait_time": 35.6, "p95_arrival_wait_time": 33.70175438596491}, "lunch_rush": {"completed_passengers": 25, "total_passengers": 25, "average_floor_wait_time": 29.92, "p95_floor_wait_time": 27.52173913043478, "average_arrival_wait_time": 40.6, "p95_arrival_wait_time": 37.82608695652174}, "medical": {"completed_passengers": 80, "total_passengers": 80, "average_floor_wait_time": 44.25, "p95_floor_wait_time": 41.73684210526316, "average_arrival_wait_time": 55.1375, "p95_arrival_wait_time": 52.4078947368421}, "meeting_event": {"completed_passengers": 50, "total_passengers": 50, "average_floor_wait_time": 81.84, "p95_floor_wait_time": 78.0, "average_arrival_wait_time": 98.14, "p95_arrival_wait_time": 94.25531914893617}, "mixed_scenario": {"completed_passengers": 100, "total_passengers": 100, "average_floor_wait_time": 34.94, "p95_floor_wait_time": 32.49473684210526, "average_arrival_wait_time": 46.97, "p95_arrival_wait_time": 44.27368421052632}, "progressive_test": {"completed_passengers": 96, "total_passengers": 96, "average_floor_wait_time": 25.46875, "p95_floor_wait_time": 23.736263736263737, "average_arrival_wait_time": 36.65625, "p95_arrival_wait_time": 34.505494505494504}, "random": {"completed_passengers": 78, "total_passengers": 78, "average_floor_wait_time": 28.923076923076923, "p95_floor_wait_time": 27.364864864864863, "average_arrival_wait_time": 37.88461538461539, "p95_arrival_wait_time": 35.91891891891892}, "up_peak": {"completed_passengers": 80, "total_passengers": 80, "average_floor_wait_time": 61.7, "p95_floor_wait_time": 59.828947368421055, "average_arrival_wait_time": 71.9375, "p95_arrival_wait_time": 69.55263157894737}}