{"down_peak": {"completed_passengers": 59, "total_passengers": 74, "average_floor_wait_time": 39.54237288135593, "p95_floor_wait_time": 36.55357142857143, "average_arrival_wait_time": 57.45762711864407, "p95_arrival_wait_time": 54.642857142857146}, "fire_evacuation": {"completed_passengers": 28, "total_passengers": 28, "average_floor_wait_time": 37.607142857142854, "p95_floor_wait_time": 32.46153846153846, "average_arrival_wait_time": 52.67857142857143, "p95_arrival_wait_time": 48.30769230769231}, "high_density": {"completed_passengers": 47, "total_passengers": 66, "average_floor_wait_time": 29.80851063829787, "p95_floor_wait_time": 28.113636363636363, "average_arrival_wait_time": 42.97872340425532, "p95_arrival_wait_time": 40.56818181818182}, "inter_floor": {"completed_passengers": 47, "total_passengers": 60, "average_floor_wait_time": 26.0, "p95_floor_wait_time": 23.931818181818183, "average_arrival_wait_time": 38.02127659574468, "p95_arrival_wait_time": 35.72727272727273}, "lunch_rush": {"completed_passengers": 23, "total_passengers": 25, "average_floor_wait_time": 31.043478260869566, "p95_floor_wait_time": 28.523809523809526, "average_arrival_wait_time": 42.30434782608695, "p95_arrival_wait_time": 39.42857142857143}, "medical": {"completed_passengers": 73, "total_passengers": 80, "average_floor_wait_time": 41.342465753424655, "p95_floor_wait_time": 38.94202898550725, "average_arrival_wait_time": 51.68493150684932, "p95_arrival_wait_time": 49.27536231884058}, "meeting_event": {"completed_passengers": 49, "total_passengers": 50, "average_floor_wait_time": 80.77551020408163, "p95_floor_wait_time": 76.78260869565217, "average_arrival_wait_time": 97.04081632653062, "p95_arrival_wait_time": 93.0}, "mixed_scenario": {"completed_passengers": 85, "total_passengers": 100, "average_floor_wait_time": 34.55294117647059, "p95_floor_wait_time": 31.6875, "average_arrival_wait_time": 48.51764705882353, "p95_arrival_wait_time": 45.45}, "progressive_test": {"completed_passengers": 70, "total_passengers": 96, "average_floor_wait_time": 25.514285714285716, "p95_floor_wait_time": 23.636363636363637, "average_arrival_wait_time": 39.34285714285714, "p95_arrival_wait_time": 37.166666666666664}, "random": {"completed_passengers": 59, "total_passengers": 78, "average_floor_wait_time": 30.440677966101696, "p95_floor_wait_time": 28.964285714285715, "average_arrival_wait_time": 41.13559322033898, "p95_arrival_wait_time": 39.232142857142854}, "up_peak": {"completed_passengers": 47, "total_passengers": 80, "average_floor_wait_time": 49.97872340425532, "p95_floor_wait_time": 47.40909090909091, "average_arrival_wait_time": 63.659574468085104, "p95_arrival_wait_time": 61.27272727272727}}