{"down_peak": {"completed_passengers": 74, "total_passengers": 74, "average_floor_wait_time": 37.41891891891892, "p95_floor_wait_time": 34.47142857142857, "average_arrival_wait_time": 51.62162162162162, "p95_arrival_wait_time": 48.8}, "fire_evacuation": {"completed_passengers": 28, "total_passengers": 28, "average_floor_wait_time": 22.964285714285715, "p95_floor_wait_time": 20.923076923076923, "average_arrival_wait_time": 37.785714285714285, "p95_arrival_wait_time": 36.5}, "high_density": {"completed_passengers": 66, "total_passengers": 66, "average_floor_wait_time": 27.393939393939394, "p95_floor_wait_time": 25.677419354838708, "average_arrival_wait_time": 37.57575757575758, "p95_arrival_wait_time": 35.11290322580645}, "inter_floor": {"completed_passengers": 60, "total_passengers": 60, "average_floor_wait_time": 20.35, "p95_floor_wait_time": 19.035087719298247, "average_arrival_wait_time": 31.166666666666668, "p95_arrival_wait_time": 29.50877192982456}, "lunch_rush": {"completed_passengers": 25, "total_passengers": 25, "average_floor_wait_time": 10.04, "p95_floor_wait_time": 9.173913043478262, "average_arrival_wait_time": 20.64, "p95_arrival_wait_time": 19.08695652173913}, "medical": {"completed_passengers": 80, "total_passengers": 80, "average_floor_wait_time": 31.95, "p95_floor_wait_time": 30.263157894736842, "average_arrival_wait_time": 43.2625, "p95_arrival_wait_time": 41.026315789473685}, "meeting_event": {"completed_passengers": 50, "total_passengers": 50, "average_floor_wait_time": 37.1, "p95_floor_wait_time": 34.57446808510638, "average_arrival_wait_time": 52.0, "p95_arrival_wait_time": 49.276595744680854}, "mixed_scenario": {"completed_passengers": 100, "total_passengers": 100, "average_floor_wait_time": 21.33, "p95_floor_wait_time": 19.621052631578948, "average_arrival_wait_time": 34.03, "p95_arrival_wait_time": 32.33684210526316}, "progressive_test": {"completed_passengers": 96, "total_passengers": 96, "average_floor_wait_time": 17.229166666666668, "p95_floor_wait_time": 15.967032967032967, "average_arrival_wait_time": 29.010416666666668, "p95_arrival_wait_time": 27.285714285714285}, "random": {"completed_passengers": 78, "total_passengers": 78, "average_floor_wait_time": 27.96153846153846, "p95_floor_wait_time": 26.513513513513512, "average_arrival_wait_time": 36.67948717948718, "p95_arrival_wait_time": 34.891891891891895}, "up_peak": {"completed_passengers": 80, "total_passengers": 80, "average_floor_wait_time": 56.925, "p95_floor_wait_time": 55.1578947368421, "average_arrival_wait_time": 67.75, "p95_arrival_wait_time": 65.63157894736842}}