{"down_peak": {"completed_passengers": 58, "total_passengers": 74, "average_floor_wait_time": 36.06896551724138, "p95_floor_wait_time": 33.10909090909091, "average_arrival_wait_time": 53.775862068965516, "p95_arrival_wait_time": 50.96363636363636}, "fire_evacuation": {"completed_passengers": 28, "total_passengers": 28, "average_floor_wait_time": 22.964285714285715, "p95_floor_wait_time": 20.923076923076923, "average_arrival_wait_time": 37.785714285714285, "p95_arrival_wait_time": 36.5}, "high_density": {"completed_passengers": 51, "total_passengers": 66, "average_floor_wait_time": 29.862745098039216, "p95_floor_wait_time": 28.3125, "average_arrival_wait_time": 43.03921568627451, "p95_arrival_wait_time": 40.9375}, "inter_floor": {"completed_passengers": 54, "total_passengers": 60, "average_floor_wait_time": 21.037037037037038, "p95_floor_wait_time": 19.607843137254903, "average_arrival_wait_time": 32.888888888888886, "p95_arrival_wait_time": 31.137254901960784}, "lunch_rush": {"completed_passengers": 24, "total_passengers": 25, "average_floor_wait_time": 10.166666666666666, "p95_floor_wait_time": 9.272727272727273, "average_arrival_wait_time": 21.166666666666668, "p95_arrival_wait_time": 19.59090909090909}, "medical": {"completed_passengers": 79, "total_passengers": 80, "average_floor_wait_time": 31.59493670886076, "p95_floor_wait_time": 29.866666666666667, "average_arrival_wait_time": 43.0253164556962, "p95_arrival_wait_time": 40.74666666666667}, "meeting_event": {"completed_passengers": 50, "total_passengers": 50, "average_floor_wait_time": 37.1, "p95_floor_wait_time": 34.57446808510638, "average_arrival_wait_time": 52.0, "p95_arrival_wait_time": 49.276595744680854}, "mixed_scenario": {"completed_passengers": 87, "total_passengers": 100, "average_floor_wait_time": 20.586206896551722, "p95_floor_wait_time": 18.621951219512194, "average_arrival_wait_time": 34.724137931034484, "p95_arrival_wait_time": 32.80487804878049}, "progressive_test": {"completed_passengers": 82, "total_passengers": 96, "average_floor_wait_time": 18.20731707317073, "p95_floor_wait_time": 16.77922077922078, "average_arrival_wait_time": 31.78048780487805, "p95_arrival_wait_time": 29.92207792207792}, "random": {"completed_passengers": 60, "total_passengers": 78, "average_floor_wait_time": 28.716666666666665, "p95_floor_wait_time": 27.31578947368421, "average_arrival_wait_time": 39.483333333333334, "p95_arrival_wait_time": 37.78947368421053}, "up_peak": {"completed_passengers": 55, "total_passengers": 80, "average_floor_wait_time": 49.10909090909091, "p95_floor_wait_time": 47.0, "average_arrival_wait_time": 64.85454545454546, "p95_arrival_wait_time": 62.34615384615385}}